{
  "P1376": 79,
  "P607": 27,
  "P136": 73,
  "P137": 63,
  "P131": 2,
  "P527": 11,
  "P1412": 38,
  "P206": 33,
  "P205": 77,
  "P449": 52,
  "P127": 34,
  "P123": 49,
  "P86": 66,
  "P840": 85,
  "P355": 72,
  "P737": 93,
  "P740": 84,
  "P190": 94,
  "P576": 71,
  "P749": 68,
  "P112": 65,
  "P118": 40,
  "P17": 1,
  "P19": 14,
  "P3373": 19,
  "P6": 42,
  "P276": 44,
  "P1001": 24,
  "P580": 62,
  "P582": 83,
  "P585": 64,
  "P463": 18,
  "P676": 87,
  "P674": 46,
  "P264": 10,
  "P108": 43,
  "P102": 17,
  "P25": 81,
  "P27": 3,
  "P26": 26,
  "P20": 37,
  "P22": 30,
  "Na": 0,
  "P807": 95,
  "P800": 51,
  "P279": 78,
  "P1336": 88,
  "P577": 5,
  "P570": 8,
  "P571": 15,
  "P178": 36,
  "P179": 55,
  "P272": 75,
  "P170": 35,
  "P171": 80,
  "P172": 76,
  "P175": 6,
  "P176": 67,
  "P39": 91,
  "P30": 21,
  "P31": 60,
  "P36": 70,
  "P37": 58,
  "P35": 54,
  "P400": 31,
  "P403": 61,
  "P361": 12,
  "P364": 74,
  "P569": 7,
  "P710": 41,
  "P1344": 32,
  "P488": 82,
  "P241": 59,
  "P162": 57,
  "P161": 9,
  "P166": 47,
  "P40": 20,
  "P1441": 23,
  "P156": 45,
  "P155": 39,
  "P150": 4,
  "P551": 90,
  "P706": 56,
  "P159": 29,
  "P495": 13,
  "P58": 53,
  "P194": 48,
  "P54": 16,
  "P57": 28,
  "P50": 22,
  "P1366": 86,
  "P1365": 92,
  "P937": 69,
  "P140": 50,
  "P69": 25,
  "P1198": 96,
  "P1056": 89,
  "coref": 97
}