[
  {
    "title": "Three Forms",
    "labels": [
      {
        "evidence": [
          1
        ],
        "h": 1,
        "t": 3,
        "r": "P26"
      },
      {
        "evidence": [
          1
        ],
        "h": 1,
        "t": 15,
        "r": "P26"
      },
      {
        "evidence": [
          1
        ],
        "h": 3,
        "t": 1,
        "r": "P26"
      },
      {
        "evidence": [
          1
        ],
        "h": 15,
        "t": 1,
        "r": "P26"
      },
      {
        "evidence": [
          0,
          1
        ],
        "h": 0,
        "t": 1,
        "r": "P170"
      }
    ],
    "sents": [
      [
        "Three",
        "Forms",
        "(",
        "BH",
        "72",
        ")",
        "is",
        "an",
        "abstract",
        "sculpture",
        "by",
        "Barbara",
        "Hepworth",
        ",",
        "completed",
        "in",
        "1935",
        "."
      ],
      [
        "The",
        "sculpture",
        "was",
        "one",
        "of",
        "the",
        "first",
        "works",
        "completed",
        "by",
        "Hepworth",
        "after",
        "the",
        "birth",
        "of",
        "her",
        "triplets",
        "with",
        "Ben",
        "Nicholson",
        "in",
        "October",
        "1934",
        "."
      ],
      [
        "It",
        "marks",
        "a",
        "point",
        "of",
        "departure",
        "in",
        "her",
        "style",
        ":",
        "her",
        "earlier",
        "abstract",
        "works",
        "are",
        "based",
        "on",
        "the",
        "human",
        "form",
        ",",
        "but",
        "Three",
        "Forms",
        "is",
        "more",
        "purely",
        "abstract",
        ",",
        "reduced",
        "to",
        "simple",
        "geometric",
        "shapes",
        "with",
        "little",
        "colour",
        "."
      ],
      [
        "Her",
        "subsequent",
        "work",
        "continued",
        "in",
        "a",
        "more",
        "formal",
        ",",
        "abstract",
        "and",
        "non",
        "-",
        "representational",
        "vein",
        "."
      ],
      [
        "Hepworth",
        "wrote",
        "in",
        "1952",
        "that",
        "she",
        "became",
        "\"",
        "absorbed",
        "in",
        "the",
        "relationships",
        "in",
        "space",
        ",",
        "in",
        "size",
        "and",
        "texture",
        "and",
        "weight",
        ",",
        "as",
        "well",
        "as",
        "the",
        "tensions",
        "between",
        "forms",
        "\"",
        "."
      ],
      [
        "The",
        "work",
        "consists",
        "of",
        "three",
        "rounded",
        "elements",
        "positioned",
        "on",
        "a",
        "flat",
        "rectangular",
        "base",
        ",",
        "all",
        "in",
        "polished",
        "Seravezza",
        "marble",
        "(",
        "largely",
        "white",
        ",",
        "but",
        "small",
        "brown",
        "marks",
        ",",
        "grey",
        "flecks",
        ",",
        "and",
        "pale",
        "grey",
        "graining",
        "are",
        "visible",
        "on",
        "close",
        "inspection",
        ")",
        "."
      ],
      [
        "Each",
        "element",
        "has",
        "a",
        "precise",
        "shape",
        "and",
        "size",
        ",",
        "and",
        "they",
        "are",
        "arranged",
        "in",
        "a",
        "similarly",
        "precise",
        "triangular",
        "relationship",
        "."
      ],
      [
        "The",
        "original",
        "base",
        "has",
        "been",
        "replaced",
        ",",
        "but",
        "the",
        "spatial",
        "arrangement",
        "of",
        "each",
        "element",
        "remains",
        "the",
        "same",
        ",",
        "with",
        "a",
        "spherical",
        "element",
        "placed",
        "at",
        "a",
        "distance",
        "from",
        "two",
        "larger",
        "and",
        "elongated",
        "oval",
        "forms",
        ",",
        "the",
        "smaller",
        "of",
        "which",
        "lies",
        "flat",
        "and",
        "the",
        "larger",
        "of",
        "which",
        "rests",
        "on",
        "its",
        "long",
        "edge",
        ",",
        "both",
        "aligned",
        "with",
        "the",
        "longer",
        "edge",
        "of",
        "the",
        "rectangular",
        "base",
        "."
      ],
      [
        "The",
        "diameter",
        "of",
        "the",
        "sphere",
        "reflects",
        "one",
        "of",
        "the",
        "dimensions",
        "of",
        "both",
        "larger",
        "elements",
        ",",
        "each",
        "of",
        "which",
        "also",
        "shares",
        "a",
        "dimension",
        "of",
        "(",
        "1.5",
        "times",
        "as",
        "large",
        ")",
        "."
      ],
      [
        "The",
        "medium",
        "spheroid",
        "measures",
        "and",
        "the",
        "larger",
        "one",
        "is",
        "."
      ],
      [
        "Each",
        "object",
        "was",
        "shaped",
        "by",
        "hand",
        "and",
        "so",
        "is",
        "slightly",
        "imperfect",
        "."
      ],
      [
        "The",
        "choice",
        "of",
        "three",
        "forms",
        "-",
        "two",
        "alike",
        "and",
        "one",
        "different",
        "-",
        "may",
        "be",
        "connected",
        "with",
        "the",
        "birth",
        "of",
        "Hepworth",
        "'s",
        "triplets",
        "-",
        "two",
        "girls",
        "and",
        "one",
        "boy",
        "."
      ],
      [
        "The",
        "abstract",
        "sculpture",
        "in",
        "a",
        "pure",
        "white",
        "recalls",
        "the",
        "contemporary",
        "architecture",
        "of",
        "Le",
        "Corbusier",
        ",",
        "and",
        "may",
        "also",
        "have",
        "been",
        "inspired",
        "by",
        "Hepworth",
        "'s",
        "visits",
        "to",
        "the",
        "studios",
        "of",
        "Brancusi",
        "and",
        "Arp",
        "on",
        "a",
        "visit",
        "to",
        "France",
        "with",
        "Nicholson",
        "in",
        "1932",
        "."
      ],
      [
        "Hepworth",
        "later",
        "accepted",
        "criticism",
        "from",
        "physicist",
        "John",
        "Desmond",
        "Bernal",
        "that",
        "the",
        "elements",
        "are",
        "all",
        "positively",
        "curved",
        ",",
        "and",
        "suggested",
        "that",
        "the",
        "work",
        "could",
        "have",
        "been",
        "improved",
        "by",
        "the",
        "sphere",
        "being",
        "replaced",
        "by",
        "a",
        "cylinder",
        "."
      ],
      [
        "The",
        "whole",
        "work",
        "measures",
        "and",
        "weighs",
        "."
      ],
      [
        "It",
        "was",
        "exhibited",
        "at",
        "the",
        "\"",
        "7&5",
        "\"",
        "exhibition",
        "in",
        "1935",
        "and",
        "the",
        "\"",
        "Abstract",
        "and",
        "Concrete",
        "Art",
        "\"",
        "exhibition",
        "in",
        "1936",
        "."
      ],
      [
        "It",
        "was",
        "bought",
        "from",
        "Hepworth",
        "by",
        "Mr",
        "and",
        "Mrs",
        "J.R.",
        "Marcus",
        "Brumwell",
        "in",
        "late",
        "1935",
        ",",
        "who",
        "donated",
        "it",
        "to",
        "the",
        "Tate",
        "Gallery",
        "in",
        "1964",
        "."
      ],
      [
        "It",
        "is",
        "now",
        "displayed",
        "at",
        "Tate",
        "Britain",
        "."
      ]
    ],
    "vertexSet": [
      [
        {
          "pos": [
            0,
            2
          ],
          "type": "MISC",
          "sent_id": 0,
          "name": "Three Forms"
        },
        {
          "pos": [
            3,
            5
          ],
          "type": "MISC",
          "sent_id": 0,
          "name": "BH 72"
        },
        {
          "pos": [
            22,
            24
          ],
          "type": "MISC",
          "sent_id": 2,
          "name": "Three Forms"
        }
      ],
      [
        {
          "name": "Hepworth",
          "pos": [
            10,
            11
          ],
          "sent_id": 1,
          "type": "PER"
        },
        {
          "name": "Hepworth",
          "pos": [
            0,
            1
          ],
          "sent_id": 4,
          "type": "PER"
        },
        {
          "name": "Hepworth",
          "pos": [
            19,
            20
          ],
          "sent_id": 11,
          "type": "PER"
        },
        {
          "name": "Hepworth",
          "pos": [
            22,
            23
          ],
          "sent_id": 12,
          "type": "PER"
        },
        {
          "name": "Hepworth",
          "pos": [
            4,
            5
          ],
          "sent_id": 16,
          "type": "PER"
        },
        {
          "pos": [
            0,
            1
          ],
          "type": "PER",
          "sent_id": 13,
          "name": "Hepworth"
        },
        {
          "name": "Barbara Hepworth",
          "pos": [
            11,
            13
          ],
          "sent_id": 0,
          "type": "PER"
        },
        {
          "pos": [
            11,
            13
          ],
          "type": "PER",
          "sent_id": 0,
          "name": "Barbara Hepworth"
        }
      ],
      [
        {
          "pos": [
            16,
            17
          ],
          "type": "TIME",
          "sent_id": 0,
          "name": "1935"
        },
        {
          "pos": [
            10,
            11
          ],
          "type": "TIME",
          "sent_id": 15,
          "name": "1935"
        },
        {
          "pos": [
            14,
            15
          ],
          "type": "TIME",
          "sent_id": 16,
          "name": "1935"
        }
      ],
      [
        {
          "name": "Ben Nicholson",
          "pos": [
            18,
            20
          ],
          "sent_id": 1,
          "type": "PER"
        }
      ],
      [
        {
          "pos": [
            21,
            23
          ],
          "type": "TIME",
          "sent_id": 1,
          "name": "October 1934"
        }
      ],
      [
        {
          "pos": [
            3,
            4
          ],
          "type": "TIME",
          "sent_id": 4,
          "name": "1952"
        }
      ],
      [
        {
          "name": "three",
          "pos": [
            4,
            5
          ],
          "sent_id": 5,
          "type": "NUM"
        },
        {
          "name": "three",
          "pos": [
            3,
            4
          ],
          "sent_id": 11,
          "type": "NUM"
        }
      ],
      [
        {
          "pos": [
            17,
            18
          ],
          "type": "LOC",
          "sent_id": 5,
          "name": "Seravezza"
        }
      ],
      [
        {
          "pos": [
            23,
            24
          ],
          "type": "NUM",
          "sent_id": 11,
          "name": "two"
        },
        {
          "pos": [
            6,
            7
          ],
          "type": "NUM",
          "sent_id": 11,
          "name": "two"
        },
        {
          "name": "two",
          "pos": [
            27,
            28
          ],
          "sent_id": 7,
          "type": "NUM"
        }
      ],
      [
        {
          "name": "1.5",
          "pos": [
            24,
            25
          ],
          "sent_id": 8,
          "type": "NUM"
        }
      ],
      [
        {
          "pos": [
            26,
            27
          ],
          "type": "NUM",
          "sent_id": 11,
          "name": "one"
        },
        {
          "name": "one",
          "pos": [
            9,
            10
          ],
          "sent_id": 11,
          "type": "NUM"
        }
      ],
      [
        {
          "name": "Le Corbusier",
          "pos": [
            12,
            14
          ],
          "sent_id": 12,
          "type": "PER"
        }
      ],
      [
        {
          "name": "Brancusi",
          "pos": [
            29,
            30
          ],
          "sent_id": 12,
          "type": "PER"
        }
      ],
      [
        {
          "name": "Arp",
          "pos": [
            31,
            32
          ],
          "sent_id": 12,
          "type": "PER"
        }
      ],
      [
        {
          "name": "France",
          "pos": [
            36,
            37
          ],
          "sent_id": 12,
          "type": "LOC"
        }
      ],
      [
        {
          "name": "Nicholson",
          "pos": [
            38,
            39
          ],
          "sent_id": 12,
          "type": "PER"
        }
      ],
      [
        {
          "pos": [
            40,
            41
          ],
          "type": "TIME",
          "sent_id": 12,
          "name": "1932"
        }
      ],
      [
        {
          "name": "John Desmond Bernal",
          "pos": [
            6,
            9
          ],
          "sent_id": 13,
          "type": "PER"
        }
      ],
      [
        {
          "pos": [
            5,
            9
          ],
          "type": "MISC",
          "sent_id": 15,
          "name": "\" 7&5 \" exhibition"
        }
      ],
      [
        {
          "pos": [
            14,
            18
          ],
          "type": "MISC",
          "sent_id": 15,
          "name": "Abstract and Concrete Art"
        }
      ],
      [
        {
          "pos": [
            21,
            22
          ],
          "type": "TIME",
          "sent_id": 15,
          "name": "1936"
        }
      ],
      [
        {
          "pos": [
            9,
            12
          ],
          "type": "PER",
          "sent_id": 16,
          "name": "J.R. Marcus Brumwell"
        }
      ],
      [
        {
          "name": "Tate Gallery",
          "pos": [
            21,
            23
          ],
          "sent_id": 16,
          "type": "LOC"
        }
      ],
      [
        {
          "pos": [
            24,
            25
          ],
          "type": "TIME",
          "sent_id": 16,
          "name": "1964"
        }
      ],
      [
        {
          "name": "Tate Britain",
          "pos": [
            5,
            7
          ],
          "sent_id": 17,
          "type": "LOC"
        }
      ]
    ]
  }
]